name,mass (g),fall,year,reclat,reclong,GeoLocation
Abee,107000.0,Fell,1952.0,54.21667,-113.0,"(54.21667, -113.0)"
Allegan,32000.0,Fell,1899.0,42.53333,-85.88333,"(42.53333, -85.88333)"
Andover,3200.0,Fell,1898.0,44.61667,-70.75,"(44.61667, -70.75)"
Archie,5070.0,Fell,1932.0,38.5,-94.3,"(38.5, -94.3)"
Atemajac,94.2,Fell,1896.0,20.06667,-103.66667,"(20.06667, -103.66667)"
Athens,265.0,Fell,1933.0,34.75,-87.0,"(34.75, -87.0)"
Atoka,1384.2,Fell,1945.0,34.31667,-96.15,"(34.31667, -96.15)"
Avilez,146.0,Fell,1855.0,25.0,-103.5,"(25.0, -103.5)"
Aztec,2830.0,Fell,1938.0,36.8,-108.0,"(36.8, -108.0)"
Bald Mountain,3700.0,Fell,1929.0,35.96667,-82.48333,"(35.96667, -82.48333)"
Baldwyn,345.0,Fell,1922.0,34.5,-88.66667,"(34.5, -88.66667)"
Bath,21000.0,Fell,1892.0,45.41667,-98.31667,"(45.41667, -98.31667)"
Bath Furnace,86000.0,Fell,1902.0,38.25,-83.75,"(38.25, -83.75)"
Baxter,611.0,Fell,1916.0,36.75,-93.5,"(36.75, -93.5)"
Beardsley,16000.0,Fell,1929.0,39.8,-101.2,"(39.8, -101.2)"
Beaver Creek,14000.0,Fell,1893.0,51.16667,-117.33333,"(51.16667, -117.33333)"
Bells,375.0,Fell,1961.0,33.6,-96.46667,"(33.6, -96.46667)"
Benld,1770.5,Fell,1938.0,39.08333,-89.15,"(39.08333, -89.15)"
Benton,2840.0,Fell,1949.0,45.95,-67.55,"(45.95, -67.55)"
Bethlehem,13.9,Fell,1859.0,42.53333,-73.83333,"(42.53333, -73.83333)"
Bishopville,6000.0,Fell,1843.0,34.16667,-80.28333,"(34.16667, -80.28333)"
Black Moshannan Park,705.0,Fell,1941.0,40.91667,-78.08333,"(40.91667, -78.08333)"
Blackwell,2381.0,Fell,1906.0,36.83333,-97.33333,"(36.83333, -97.33333)"
Blanket,5100.0,Fell,1909.0,31.83333,-98.83333,"(31.83333, -98.83333)"
Bloomington,67.8,Fell,1938.0,40.48,-89.00417,"(40.48, -89.00417)"
Bocas,56.0,Fell,1804.0,23.0,-102.0,"(23.0, -102.0)"
Bradford Woods,762.0,Fell,1886.0,40.5,-80.08333,"(40.5, -80.08333)"
Bruderheim,303000.0,Fell,1960.0,53.9,-112.88333,"(53.9, -112.88333)"
Cabin Creek,48500.0,Fell,1886.0,35.5,-93.5,"(35.5, -93.5)"
Cape Girardeau,2300.0,Fell,1846.0,37.26667,-89.58333,"(37.26667, -89.58333)"
Castalia,7300.0,Fell,1874.0,36.08333,-78.06667,"(36.08333, -78.06667)"
Castine,94.0,Fell,1848.0,44.38333,-68.75,"(44.38333, -68.75)"
Caswell County,1360.0,Fell,1810.0,36.5,-79.25,"(36.5, -79.25)"
Centerville,45.6,Fell,1956.0,43.2,-96.91667,"(43.2, -96.91667)"
Charlotte,4300.0,Fell,1835.0,36.16667,-87.33333,"(36.16667, -87.33333)"
Cherokee Springs,8400.0,Fell,1933.0,35.03333,-81.88333,"(35.03333, -81.88333)"
Chicora,303.0,Fell,1938.0,40.93333,-79.73333,"(40.93333, -79.73333)"
Colby (Wisconsin),104000.0,Fell,1917.0,44.9,-90.28333,"(44.9, -90.28333)"
Cosina,1200.0,Fell,1844.0,21.16667,-100.86667,"(21.16667, -100.86667)"
Crescent,78.4,Fell,1936.0,35.95,-97.58333,"(35.95, -97.58333)"
Cross Roads,167.0,Fell,1892.0,35.63333,-78.13333,"(35.63333, -78.13333)"
Cumberland Falls,17000.0,Fell,1919.0,36.83333,-84.35,"(36.83333, -84.35)"
Cynthiana,6000.0,Fell,1877.0,38.4,-84.25,"(38.4, -84.25)"
Danville,2000.0,Fell,1868.0,34.4,-87.06667,"(34.4, -87.06667)"
De Cewsville,340.0,Fell,1887.0,43.0,-80.0,"(43.0, -80.0)"
Deal,28.0,Fell,1829.0,40.25,-74.0,"(40.25, -74.0)"
Drake Creek,5000.0,Fell,1827.0,36.4,-86.5,"(36.4, -86.5)"
Dresden (Ontario),47700.0,Fell,1939.0,42.52,-82.26,"(42.52, -82.26)"
Eagle,10000.0,Fell,1947.0,40.78167,-96.47167,"(40.78167, -96.47167)"
Estherville,320000.0,Fell,1879.0,43.41667,-94.83333,"(43.41667, -94.83333)"
Farmington,89400.0,Fell,1890.0,39.75,-97.03333,"(39.75, -97.03333)"
Farmville,56000.0,Fell,1934.0,35.55,-77.53333,"(35.55, -77.53333)"
Fayetteville,2360.0,Fell,1934.0,36.05,-94.16667,"(36.05, -94.16667)"
Felix,3200.0,Fell,1900.0,32.53333,-87.16667,"(32.53333, -87.16667)"
Ferguson,220.0,Fell,1889.0,36.1,-81.41667,"(36.1, -81.41667)"
Fisher,17600.0,Fell,1894.0,47.81667,-96.85,"(47.81667, -96.85)"
Florence,3640.0,Fell,1922.0,30.83333,-97.76667,"(30.83333, -97.76667)"
Forest City,152000.0,Fell,1890.0,43.25,-93.66667,"(43.25, -93.66667)"
Forksville,6067.0,Fell,1924.0,36.78333,-78.08333,"(36.78333, -78.08333)"
Forsyth,16300.0,Fell,1829.0,33.01667,-83.96667,"(33.01667, -83.96667)"
Frankfort (stone),650.0,Fell,1868.0,34.48333,-87.83333,"(34.48333, -87.83333)"
Garland,102.0,Fell,1950.0,41.68333,-112.13333,"(41.68333, -112.13333)"
Hamlet,3710.0,Fell,1959.0,41.38333,-86.6,"(41.38333, -86.6)"
Harleton,8360.0,Fell,1961.0,32.675,-94.51167,"(32.675, -94.51167)"
Harrison County,680.0,Fell,1859.0,38.25,-86.16667,"(38.25, -86.16667)"
Holbrook,220000.0,Fell,1912.0,34.9,-110.18333,"(34.9, -110.18333)"
Homestead,230000.0,Fell,1875.0,41.8,-91.86667,"(41.8, -91.86667)"
Honolulu,2420.0,Fell,1825.0,21.3,-157.86667,"(21.3, -157.86667)"
Hoxie,266.1,Fell,1963.0,39.35,-100.45,"(39.35, -100.45)"
Independence,880.0,Fell,1917.0,39.08333,-94.4,"(39.08333, -94.4)"
Johnstown,40300.0,Fell,1924.0,40.35,-104.9,"(40.35, -104.9)"
Kendleton,6937.0,Fell,1939.0,29.45,-96.0,"(29.45, -96.0)"
Kilbourn,772.0,Fell,1911.0,43.58333,-89.6,"(43.58333, -89.6)"
Kirbyville,97.7,Fell,1906.0,30.75,-95.95,"(30.75, -95.95)"
La Charca,399.0,Fell,1878.0,20.66667,-101.28333,"(20.66667, -101.28333)"
Leedey,51500.0,Fell,1943.0,35.88333,-99.33333,"(35.88333, -99.33333)"
Leighton,877.0,Fell,1907.0,34.58333,-87.5,"(34.58333, -87.5)"
Little Piney,491.0,Fell,1839.0,37.91667,-92.08333,"(37.91667, -92.08333)"
Lumpkin,340.0,Fell,1869.0,32.03333,-84.76667,"(32.03333, -84.76667)"
Malaga,150.0,Fell,1933.0,32.21667,-104.0,"(32.21667, -104.0)"
Mariaville,340.0,Fell,1898.0,42.71667,-99.38333,"(42.71667, -99.38333)"
Marion (Iowa),28400.0,Fell,1847.0,41.9,-91.6,"(41.9, -91.6)"
Mazapil,4000.0,Fell,1885.0,24.68333,-101.68333,"(24.68333, -101.68333)"
Miller (Arkansas),16700.0,Fell,1930.0,35.4,-92.05,"(35.4, -92.05)"
Modoc (1905),35000.0,Fell,1905.0,38.5,-101.1,"(38.5, -101.1)"
Monroe,8600.0,Fell,1849.0,35.25,-80.5,"(35.25, -80.5)"
Moore County,1880.0,Fell,1913.0,35.41667,-79.38333,"(35.41667, -79.38333)"
Murray,12600.0,Fell,1950.0,36.6,-88.1,"(36.6, -88.1)"
Nanjemoy,7500.0,Fell,1825.0,38.41667,-77.16667,"(38.41667, -77.16667)"
New Concord,230000.0,Fell,1860.0,40.0,-81.76667,"(40.0, -81.76667)"
Nobleborough,2300.0,Fell,1823.0,44.08333,-69.48333,"(44.08333, -69.48333)"
Norfork,1050.0,Fell,1918.0,36.21667,-92.26667,"(36.21667, -92.26667)"
Norton County,1100000.0,Fell,1948.0,39.68333,-99.86667,"(39.68333, -99.86667)"
Ottawa,840.0,Fell,1896.0,38.6,-95.21667,"(38.6, -95.21667)"
Pacula,3400.0,Fell,1881.0,21.05,-99.3,"(21.05, -99.3)"
Palmyra,135.0,Fell,1926.0,39.8,-91.5,"(39.8, -91.5)"
Palolo Valley,682.0,Fell,1949.0,21.3,-157.78333,"(21.3, -157.78333)"
Paragould,408000.0,Fell,1930.0,36.06667,-90.5,"(36.06667, -90.5)"
Pasamonte,5100.0,Fell,1933.0,36.21667,-103.4,"(36.21667, -103.4)"
Peace River,45760.0,Fell,1963.0,56.13333,-117.93333,"(56.13333, -117.93333)"
Peña Blanca Spring,70000.0,Fell,1946.0,30.125,-103.11667,"(30.125, -103.11667)"
Petersburg,1800.0,Fell,1855.0,35.3,-86.63333,"(35.3, -86.63333)"
Phillips County (stone),57900.0,Fell,1901.0,40.0,-99.25,"(40.0, -99.25)"
Pitts,3760.0,Fell,1921.0,31.95,-83.51667,"(31.95, -83.51667)"
Plantersville,2085.0,Fell,1930.0,30.7,-96.11667,"(30.7, -96.11667)"
Pricetown,900.0,Fell,1893.0,39.11667,-83.85,"(39.11667, -83.85)"
Rancho de la Presa,300.0,Fell,1899.0,19.86667,-100.81667,"(19.86667, -100.81667)"
Rich Mountain,668.0,Fell,1903.0,35.03333,-83.03333,"(35.03333, -83.03333)"
Richardton,90000.0,Fell,1918.0,46.88333,-102.31667,"(46.88333, -102.31667)"
Richmond,1800.0,Fell,1828.0,37.46667,-77.5,"(37.46667, -77.5)"
Rochester,340.0,Fell,1876.0,41.08333,-86.28333,"(41.08333, -86.28333)"
Rose City,10600.0,Fell,1921.0,44.51667,-83.95,"(44.51667, -83.95)"
Santa Cruz,60.0,Fell,1939.0,24.16667,-99.33333,"(24.16667, -99.33333)"
Searsmont,5400.0,Fell,1871.0,44.36667,-69.2,"(44.36667, -69.2)"
Sharps,1265.0,Fell,1921.0,37.83333,-76.7,"(37.83333, -76.7)"
Shelburne,18600.0,Fell,1904.0,44.05,-80.16667,"(44.05, -80.16667)"
Sioux County,4100.0,Fell,1933.0,42.58333,-103.66667,"(42.58333, -103.66667)"
St. Louis,1000.0,Fell,1950.0,38.7,-90.23333,"(38.7, -90.23333)"
St. Mary's County,24.3,Fell,1919.0,38.16667,-76.38333,"(38.16667, -76.38333)"
Success,3500.0,Fell,1924.0,36.48333,-90.66667,"(36.48333, -90.66667)"
Sylacauga,5560.0,Fell,1954.0,33.18836,-86.2945,"(33.18836, -86.2945)"
Tilden,74800.0,Fell,1927.0,38.2,-89.68333,"(38.2, -89.68333)"
Tomatlan,900.0,Fell,1879.0,20.16667,-105.21667,"(20.16667, -105.21667)"
Torrington,259.1,Fell,1944.0,42.06667,-104.16667,"(42.06667, -104.16667)"
Troup,1020.0,Fell,1917.0,32.16667,-95.1,"(32.16667, -95.1)"
Vernon County,1500.0,Fell,1865.0,43.5,-91.16667,"(43.5, -91.16667)"
Walters,28100.0,Fell,1946.0,34.33333,-98.3,"(34.33333, -98.3)"
Warrenton,1600.0,Fell,1877.0,38.68333,-91.15,"(38.68333, -91.15)"
Washougal,225.0,Fell,1939.0,45.58333,-122.35,"(45.58333, -122.35)"
Weston,150000.0,Fell,1807.0,41.266667,-73.266667,"(41.266667, -73.266667)"
Yorktown (New York),250.0,Fell,1869.0,41.28333,-73.81667,"(41.28333, -73.81667)"
Abbott,21100.0,Found,1951.0,36.3,-104.28333,"(36.3, -104.28333)"
Abernathy,2914.0,Found,1941.0,33.85,-101.8,"(33.85, -101.8)"
Achilles,16000.0,Found,1924.0,39.77667,-100.81333,"(39.77667, -100.81333)"
Acme,75000.0,Found,1947.0,33.63333,-104.26667,"(33.63333, -104.26667)"
Acomita,3956.0,Found,1962.0,35.05,-107.56667,"(35.05, -107.56667)"
Adams County,5700.0,Found,1928.0,39.96667,-103.76667,"(39.96667, -103.76667)"
Admire,180000.0,Found,1881.0,38.7,-96.1,"(38.7, -96.1)"
Adrian,22600.0,Found,1936.0,35.15,-102.71667,"(35.15, -102.71667)"
Ahumada,52600.0,Found,1909.0,30.7,-105.5,"(30.7, -105.5)"
Aiken,956.0,Found,1936.0,34.2,-101.5,"(34.2, -101.5)"
Ainsworth,80650.0,Found,1907.0,42.6,-99.8,"(42.6, -99.8)"
Akron (1940),1050.0,Found,1940.0,40.15,-103.16667,"(40.15, -103.16667)"
Akron (1961),4000.0,Found,1961.0,40.15,-103.16667,"(40.15, -103.16667)"
Alamogordo,13600.0,Found,1938.0,32.9,-105.93333,"(32.9, -105.93333)"
Alamosa,1800.0,Found,1937.0,37.46667,-105.86667,"(37.46667, -105.86667)"
Albin (pallasite),37600.0,Found,1915.0,41.5,-104.1,"(41.5, -104.1)"
Albin (stone),15400.0,Found,1949.0,41.41667,-104.1,"(41.41667, -104.1)"
Alexander County,192.0,Found,1875.0,35.75,-81.25,"(35.75, -81.25)"
Algoma,4100.0,Found,1887.0,44.65,-87.46667,"(44.65, -87.46667)"
Allen,1407.0,Found,1923.0,33.1,-96.7,"(33.1, -96.7)"
Almelo Township,3180.0,Found,1949.0,39.6,-100.11667,"(39.6, -100.11667)"
Altonah,21500.0,Found,1932.0,40.56667,-110.48333,"(40.56667, -110.48333)"
Amber,4532.0,Found,1934.0,35.16667,-97.88333,"(35.16667, -97.88333)"
Ameca-Ameca,1.2,Found,1889.0,20.58333,-104.06667,"(20.58333, -104.06667)"
Amherst,8500.0,Found,1947.0,40.8,-99.2,"(40.8, -99.2)"
Angelica,14800.0,Found,1916.0,44.25,-88.25,"(44.25, -88.25)"
Annaheim,13500.0,Found,1916.0,52.33333,-104.86667,"(52.33333, -104.86667)"
Anoka,1108.0,Found,1961.0,45.2,-93.43333,"(45.2, -93.43333)"
Anthony,20000.0,Found,1919.0,37.08333,-98.05,"(37.08333, -98.05)"
Apex,6.1,Found,1938.0,39.75,-105.2,"(39.75, -105.2)"
Apoala,85000.0,Found,1889.0,17.7,-97.0,"(17.7, -97.0)"
Arapahoe,19083.0,Found,1940.0,38.8,-102.2,"(38.8, -102.2)"
Arcadia,19400.0,Found,1937.0,41.41667,-99.1,"(41.41667, -99.1)"
Argonia,84.0,Found,1940.0,37.26667,-97.76667,"(37.26667, -97.76667)"
Arispe,683000.0,Found,1896.0,30.33333,-109.98333,"(30.33333, -109.98333)"
Arlington,8940.0,Found,1894.0,44.6,-94.1,"(44.6, -94.1)"
Arriba,31100.0,Found,1936.0,39.3,-103.25,"(39.3, -103.25)"
Asheville,800.0,Found,1839.0,35.58333,-82.53333,"(35.58333, -82.53333)"
Ashfork,27000.0,Found,1901.0,35.25,-112.5,"(35.25, -112.5)"
Atlanta,5500.0,Found,1938.0,31.8,-92.75,"(31.8, -92.75)"
Atwood,2100.0,Found,1963.0,40.51667,-103.26667,"(40.51667, -103.26667)"
Auburn,3630.0,Found,1867.0,32.63333,-85.5,"(32.63333, -85.5)"
Augusta County,76000.0,Found,1858.0,38.16667,-79.08333,"(38.16667, -79.08333)"
Aurora,1000.0,Found,1938.0,36.33333,-105.05,"(36.33333, -105.05)"
Axtell,6200.0,Found,1943.0,31.66,-96.97167,"(31.66, -96.97167)"
Babb's Mill (Blake's Iron),136000.0,Found,1876.0,36.3,-82.88333,"(36.3, -82.88333)"
Babb's Mill (Troost's Iron),6400.0,Found,1842.0,36.3,-82.88333,"(36.3, -82.88333)"
Bacubirito,22000000.0,Found,1863.0,26.2,-107.83333,"(26.2, -107.83333)"
Bagdad,2200.0,Found,1959.0,34.613317,-113.398967,"(34.613317, -113.398967)"
Bald Eagle,3200.0,Found,1891.0,41.28333,-77.05,"(41.28333, -77.05)"
Ballinger,1250.0,Found,1927.0,31.76667,-99.98333,"(31.76667, -99.98333)"
Bartlett,8590.0,Found,1938.0,30.83333,-97.5,"(30.83333, -97.5)"
Barwise,10400.0,Found,1950.0,34.0,-101.5,"(34.0, -101.5)"
Batesland,2500.0,Found,1961.0,43.13333,-102.1,"(43.13333, -102.1)"
Bear Creek,227000.0,Found,1866.0,39.6,-105.3,"(39.6, -105.3)"
Bear Lodge,48500.0,Found,1931.0,44.5,-104.2,"(44.5, -104.2)"
Beaver,25628.0,Found,1940.0,36.8,-100.53333,"(36.8, -100.53333)"
Beeler,11620.0,Found,1924.0,38.53333,-100.21667,"(38.53333, -100.21667)"
Beenham,44400.0,Found,1937.0,36.21667,-103.65,"(36.21667, -103.65)"
Bella Roca,33000.0,Found,1888.0,24.9,-105.4,"(24.9, -105.4)"
Belle Plaine,78800.0,Found,1950.0,37.31667,-97.25,"(37.31667, -97.25)"
Belly River,7900.0,Found,1943.0,49.5,-113.0,"(49.5, -113.0)"
Belmont,25300.0,Found,1958.0,42.73333,-90.35,"(42.73333, -90.35)"
Bennett County,89000.0,Found,1934.0,43.5,-101.25,"(43.5, -101.25)"
Bethune,67.0,Found,1941.0,39.3,-102.41667,"(39.3, -102.41667)"
Billings,24500.0,Found,1903.0,37.06667,-93.55,"(37.06667, -93.55)"
Bishop Canyon,8600.0,Found,1912.0,38.0,-108.5,"(38.0, -108.5)"
Bison,11000.0,Found,1958.0,38.30667,-99.71,"(38.30667, -99.71)"
Black Mountain,800.0,Found,1839.0,35.58333,-82.35,"(35.58333, -82.35)"
Blithfield,1830.0,Found,1910.0,45.5,-77.0,"(45.5, -77.0)"
Bluewater,9540.0,Found,1946.0,35.26667,-107.96667,"(35.26667, -107.96667)"
Bluff (a),153300.0,Found,1878.0,29.87861,-96.87222,"(29.87861, -96.87222)"
Bluff (b),16000.0,Found,1917.0,29.86306,-96.92667,"(29.86306, -96.92667)"
Boerne,1100.0,Found,1932.0,29.8,-98.8,"(29.8, -98.8)"
Bonita Springs,41800.0,Found,1938.0,26.26667,-81.75,"(26.26667, -81.75)"
Borrego,2126.0,Found,1930.0,33.26667,-116.38333,"(33.26667, -116.38333)"
Botetourt County,500.0,Found,1850.0,37.5,-79.75,"(37.5, -79.75)"
Bowesmont,2270.0,Found,1962.0,48.68333,-97.16667,"(48.68333, -97.16667)"
Brady,927.0,Found,1937.0,31.05,-99.46667,"(31.05, -99.46667)"
Brenham,4300000.0,Found,1882.0,37.5825,-99.16361,"(37.5825, -99.16361)"
Brewster,17000.0,Found,1940.0,39.25,-101.33333,"(39.25, -101.33333)"
Bridgewater,13600.0,Found,1890.0,35.71667,-81.86667,"(35.71667, -81.86667)"
Briggsdale,2230.0,Found,1949.0,40.66667,-104.31667,"(40.66667, -104.31667)"
Briscoe,1773.0,Found,1940.0,34.35,-101.4,"(34.35, -101.4)"
Bristol,20000.0,Found,1937.0,36.56667,-82.18333,"(36.56667, -82.18333)"
Broken Bow,6800.0,Found,1937.0,41.43333,-99.7,"(41.43333, -99.7)"
Brownfield (1937),40960.0,Found,1937.0,33.21667,-102.18333,"(33.21667, -102.18333)"
Brownfield (iron),1626.0,Found,1960.0,33.21667,-102.18333,"(33.21667, -102.18333)"
Bruno,13000.0,Found,1931.0,52.26667,-105.35,"(52.26667, -105.35)"
Burdett,8600.0,Found,1940.0,38.23333,-99.53333,"(38.23333, -99.53333)"
Burkett,8400.0,Found,1913.0,32.03333,-99.25,"(32.03333, -99.25)"
Burlington,68000.0,Found,1819.0,42.75,-75.18333,"(42.75, -75.18333)"
Bushnell,1240.0,Found,1939.0,41.23333,-103.9,"(41.23333, -103.9)"
Butler,41000.0,Found,1874.0,38.3,-94.36667,"(38.3, -94.36667)"
Cacaria,41400.0,Found,1867.0,24.5,-104.8,"(24.5, -104.8)"
Caldwell,12900.0,Found,1961.0,37.03333,-97.625,"(37.03333, -97.625)"
Calico Rock,7275.0,Found,1938.0,36.08333,-92.15,"(36.08333, -92.15)"
Calliham,40000.0,Found,1958.0,28.41667,-98.25,"(28.41667, -98.25)"
Cambria,16300.0,Found,1818.0,43.2,-78.8,"(43.2, -78.8)"
Campbellsville,15400.0,Found,1929.0,37.36667,-85.36667,"(37.36667, -85.36667)"
Canton,7030.0,Found,1894.0,34.2,-84.48333,"(34.2, -84.48333)"
Canyon,860.0,Found,1957.0,34.96667,-101.93333,"(34.96667, -101.93333)"
Canyon City,8600.0,Found,1875.0,40.9,-123.1,"(40.9, -123.1)"
Canyon Diablo,30000000.0,Found,1891.0,35.05,-111.03333,"(35.05, -111.03333)"
Canyonlands,1520.0,Found,1961.0,38.18333,-109.88333,"(38.18333, -109.88333)"
Carbo,454000.0,Found,1923.0,29.66667,-111.5,"(29.66667, -111.5)"
Carlton,81200.0,Found,1887.0,31.91667,-98.03333,"(31.91667, -98.03333)"
Carnegie,132700.0,Found,1963.0,35.16667,-98.64389,"(35.16667, -98.64389)"
Carthage,127000.0,Found,1840.0,36.26667,-85.98333,"(36.26667, -85.98333)"
Carver,94000.0,Found,1935.0,32.0,-86.0,"(32.0, -86.0)"
Casas Grandes,1545000.0,Found,1867.0,30.4,-107.8,"(30.4, -107.8)"
Casey County,723.0,Found,1877.0,37.25,-85.0,"(37.25, -85.0)"
Cashion,5896.8,Found,1936.0,35.84778,-97.70333,"(35.84778, -97.70333)"
Cavour,26210.0,Found,1938.0,44.221494,-98.059192,"(44.221494, -98.059192)"
Cedar (Kansas),4900.0,Found,1937.0,39.7,-98.98333,"(39.7, -98.98333)"
Cedar (Texas),26000.0,Found,1900.0,29.82806,-96.90861,"(29.82806, -96.90861)"
Cedartown,11300.0,Found,1898.0,34.01667,-85.26667,"(34.01667, -85.26667)"
Cee Vee,3600.0,Found,1959.0,34.2,-100.48333,"(34.2, -100.48333)"
Chamberlin,2400.0,Found,1941.0,36.2,-102.45,"(36.2, -102.45)"
Chambord,6600.0,Found,1904.0,48.45,-72.06667,"(48.45, -72.06667)"
Channing,15300.0,Found,1936.0,35.71667,-102.28333,"(35.71667, -102.28333)"
Charcas,1400000.0,Found,1804.0,23.08333,-101.01667,"(23.08333, -101.01667)"
Chesterville,16500.0,Found,1849.0,34.7,-81.2,"(34.7, -81.2)"
Chico,104800.0,Found,1954.0,36.5,-104.2,"(36.5, -104.2)"
Chico Hills,8030.0,Found,1951.0,36.0,-104.5,"(36.0, -104.5)"
Chico Mountains,212.0,Found,1915.0,29.0,-103.25,"(29.0, -103.25)"
Chihuahua City,54000.0,Found,1929.0,28.66667,-106.11667,"(28.66667, -106.11667)"
Chilkoot,43000.0,Found,1881.0,59.33333,-136.0,"(59.33333, -136.0)"
Chulafinnee,16220.0,Found,1873.0,33.5,-85.66667,"(33.5, -85.66667)"
Chupaderos,24300000.0,Found,1852.0,27.0,-105.1,"(27.0, -105.1)"
Cincinnati,1500.0,Found,1870.0,39.11667,-84.5,"(39.11667, -84.5)"
Clareton,1050.0,Found,1931.0,43.7,-104.7,"(43.7, -104.7)"
Clark County,11300.0,Found,1937.0,38.0,-84.16667,"(38.0, -84.16667)"
Cleburne,6800.0,Found,1907.0,32.31667,-97.41667,"(32.31667, -97.41667)"
Cleo Springs,24000.0,Found,1960.0,36.43333,-98.43333,"(36.43333, -98.43333)"
Cleveland,115000.0,Found,1860.0,34.88333,-84.78333,"(34.88333, -84.78333)"
Clifford,11360.0,Found,1962.0,39.1,-103.25833,"(39.1, -103.25833)"
Clinton,7700.0,Found,1950.0,36.08333,-84.2,"(36.08333, -84.2)"
Clover Springs,7700.0,Found,1954.0,34.45,-111.36667,"(34.45, -111.36667)"
Clovis (no. 1),283000.0,Found,1961.0,34.3,-103.13472,"(34.3, -103.13472)"
Clovis (no. 2),41300.0,Found,1963.0,34.3,-103.13333,"(34.3, -103.13333)"
Coahuila,2100000.0,Found,1837.0,28.7,-102.73333,"(28.7, -102.73333)"
Colby (Kansas),2400.0,Found,1940.0,39.41667,-101.05,"(39.41667, -101.05)"
Cold Bay,320.0,Found,1921.0,55.18333,-162.55,"(55.18333, -162.55)"
Coldwater (iron),18400.0,Found,1923.0,37.26667,-99.33333,"(37.26667, -99.33333)"
Coldwater (stone),16000.0,Found,1924.0,37.26667,-99.33333,"(37.26667, -99.33333)"
Colfax,2300.0,Found,1880.0,35.3,-81.73333,"(35.3, -81.73333)"
Comanche (iron),19700.0,Found,1940.0,32.01667,-98.7,"(32.01667, -98.7)"
Comanche (stone),2400.0,Found,1956.0,31.99167,-98.65167,"(31.99167, -98.65167)"
Concho,93500.0,Found,1939.0,32.0,-101.5,"(32.0, -101.5)"
Cookeville,2300.0,Found,1913.0,36.16667,-85.51667,"(36.16667, -85.51667)"
Coolidge,4500.0,Found,1937.0,38.03333,-101.98333,"(38.03333, -101.98333)"
Coon Butte,2750.0,Found,1905.0,35.0,-111.0,"(35.0, -111.0)"
Coopertown,16800.0,Found,1860.0,36.43333,-87.0,"(36.43333, -87.0)"
Cope,12000.0,Found,1934.0,39.66667,-102.83333,"(39.66667, -102.83333)"
Cortez,715.6,Found,1940.0,37.35,-108.68333,"(37.35, -108.68333)"
Cosby's Creek,960000.0,Found,1837.0,35.78333,-83.25,"(35.78333, -83.25)"
Costilla Peak,35500.0,Found,1881.0,36.83333,-105.23333,"(36.83333, -105.23333)"
Cotesfield,1160.0,Found,1928.0,41.36667,-98.63333,"(41.36667, -98.63333)"
Cottonwood,800.0,Found,1955.0,34.83333,-112.01667,"(34.83333, -112.01667)"
Covert,61000.0,Found,1896.0,39.2,-98.78333,"(39.2, -98.78333)"
Crab Orchard,48500.0,Found,1887.0,35.83333,-84.91667,"(35.83333, -84.91667)"
Cranberry Plains,90.0,Found,1852.0,37.23333,-80.73333,"(37.23333, -80.73333)"
Cranfills Gap,6000.0,Found,1940.0,31.75,-97.75,"(31.75, -97.75)"
Crow Peak,6320.0,Found,1958.0,44.47733,-103.972,"(44.47733, -103.972)"
Cruz del Aire,23000.0,Found,1911.0,26.5,-100.0,"(26.5, -100.0)"
Cuba,1500.0,Found,1871.0,22.0,-80.0,"(22.0, -80.0)"
Cuero,46500.0,Found,1936.0,29.01667,-97.28333,"(29.01667, -97.28333)"
Culbertson,5900.0,Found,1913.0,40.23333,-100.83333,"(40.23333, -100.83333)"
Cullison,10000.0,Found,1911.0,37.61667,-98.91667,"(37.61667, -98.91667)"
Cumpas,28600.0,Found,1903.0,30.0,-109.66667,"(30.0, -109.66667)"
Cushing,567.0,Found,1932.0,35.96667,-96.76667,"(35.96667, -96.76667)"
Dale Dry Lake,300.0,Found,1957.0,34.08333,-115.78333,"(34.08333, -115.78333)"
Dalton,53000.0,Found,1879.0,34.8,-84.98333,"(34.8, -84.98333)"
Davis Mountains,689000.0,Found,1903.0,30.75,-104.25,"(30.75, -104.25)"
Davy (a),50600.0,Found,1940.0,29.1,-97.6,"(29.1, -97.6)"
Dayton,26300.0,Found,1892.0,39.75,-84.16667,"(39.75, -84.16667)"
De Nova,12700.0,Found,1940.0,39.85,-102.95,"(39.85, -102.95)"
Deep Springs,11500.0,Found,1846.0,36.5,-79.75,"(36.5, -79.75)"
Densmore (1879),37200.0,Found,1879.0,39.65,-99.68333,"(39.65, -99.68333)"
Densmore (1950),11300.0,Found,1950.0,39.56583,-99.64722,"(39.56583, -99.64722)"
Denton County,5400.0,Found,1856.0,33.0,-97.0,"(33.0, -97.0)"
Deport,15000.0,Found,1926.0,33.51667,-95.3,"(33.51667, -95.3)"
Deport (a),604.0,Found,1944.0,33.51667,-95.3,"(33.51667, -95.3)"
Dexter,1724.0,Found,1889.0,33.81667,-97.0,"(33.81667, -97.0)"
Dimmitt,200000.0,Found,1942.0,34.58333,-102.16667,"(34.58333, -102.16667)"
Dispatch,220.0,Found,1956.0,39.5,-98.53333,"(39.5, -98.53333)"
Dix,44000.0,Found,1927.0,41.23333,-103.48333,"(41.23333, -103.48333)"
Dora (pallasite),7600.0,Found,1955.0,33.92667,-103.955,"(33.92667, -103.955)"
Doyleville,112.0,Found,1887.0,38.41667,-106.58333,"(38.41667, -106.58333)"
Dresden (Kansas),6760.0,Found,1953.0,39.61667,-100.46306,"(39.61667, -100.46306)"
Drum Mountains,529000.0,Found,1944.0,39.5,-112.9,"(39.5, -112.9)"
Duchesne,22700.0,Found,1906.0,40.38333,-110.86667,"(40.38333, -110.86667)"
Duel Hill (1854),21800.0,Found,1854.0,35.85,-82.7,"(35.85, -82.7)"
Duel Hill (1873),11300.0,Found,1873.0,35.85,-82.7,"(35.85, -82.7)"
Dumas (a),46050.0,Found,1956.0,35.9,-101.9,"(35.9, -101.9)"
Duncanville,17800.0,Found,1961.0,32.63333,-96.86667,"(32.63333, -96.86667)"
Dungannon,13000.0,Found,1922.0,36.85,-82.45,"(36.85, -82.45)"
Dwight,4100.0,Found,1940.0,38.85,-96.58333,"(38.85, -96.58333)"
Eagle Station,36000.0,Found,1880.0,38.61667,-84.96667,"(38.61667, -84.96667)"
Edmonson (a),12000.0,Found,1955.0,34.28333,-101.83333,"(34.28333, -101.83333)"
Edmonton (Canada),7340.0,Found,1939.0,53.66667,-113.41667,"(53.66667, -113.41667)"
Edmonton (Kentucky),10200.0,Found,1942.0,37.03333,-85.63333,"(37.03333, -85.63333)"
El Burro,35900.0,Found,1939.0,29.33333,-101.83333,"(29.33333, -101.83333)"
El Capitan,27500.0,Found,1893.0,33.5,-105.5,"(33.5, -105.5)"
El Paso,276.0,Found,1950.0,31.78333,-106.23333,"(31.78333, -106.23333)"
El Rancho Grande,40.7,Found,1954.0,37.0,-105.0,"(37.0, -105.0)"
Elkhart,573.0,Found,1936.0,37.01667,-101.88333,"(37.01667, -101.88333)"
Ellicott,15700.0,Found,1960.0,38.80778,-104.56944,"(38.80778, -104.56944)"
Ellis County,4692.0,Found,1948.0,38.78333,-99.33333,"(38.78333, -99.33333)"
Elm Creek,7000.0,Found,1906.0,38.5,-96.2,"(38.5, -96.2)"
Elton,1900.0,Found,1936.0,33.71667,-100.83333,"(33.71667, -100.83333)"
Emery,16700.0,Found,1962.0,43.56333,-97.58333,"(43.56333, -97.58333)"
Emmitsburg,450.0,Found,1854.0,39.71667,-77.3,"(39.71667, -77.3)"
Enon,763.0,Found,1883.0,39.86667,-83.95,"(39.86667, -83.95)"
Estacado,290000.0,Found,1883.0,33.9,-101.75,"(33.9, -101.75)"
Eunice,2300.0,Found,1961.0,34.47,-101.75833,"(34.47, -101.75833)"
Eustis,502.0,Found,1918.0,28.83333,-81.68333,"(28.83333, -81.68333)"
Fairburn,445.0,Found,1907.0,43.603,-103.026,"(43.603, -103.026)"
Faith,105000.0,Found,1952.0,45.33333,-102.08333,"(45.33333, -102.08333)"
Farley,19400.0,Found,1936.0,36.33333,-104.05,"(36.33333, -104.05)"
Farnum,4200.0,Found,1937.0,40.25,-100.23333,"(40.25, -100.23333)"
Ferguson Switch,1700.0,Found,1937.0,34.0,-101.5,"(34.0, -101.5)"
Fillmore,113.0,Found,1916.0,49.883333,-103.6,"(49.883333, -103.6)"
Finney,10700.0,Found,1962.0,34.26667,-101.56667,"(34.26667, -101.56667)"
Flagg,7000.0,Found,1954.0,34.43333,-102.51667,"(34.43333, -102.51667)"
Fleming,1750.0,Found,1940.0,40.68333,-102.81667,"(40.68333, -102.81667)"
Floydada,12500.0,Found,1912.0,33.98333,-101.28333,"(33.98333, -101.28333)"
Forestburg (a),26100.0,Found,1957.0,33.50667,-97.65139,"(33.50667, -97.65139)"
Forestburg (b),26600.0,Found,1957.0,33.49556,-97.58861,"(33.49556, -97.58861)"
Forsyth County,22700.0,Found,1891.0,36.1,-80.2,"(36.1, -80.2)"
Fort Pierre,15900.0,Found,1856.0,44.35,-100.38333,"(44.35, -100.38333)"
Fort Stockton,4762.8,Found,1952.0,30.91667,-103.06667,"(30.91667, -103.06667)"
Four Corners,25000.0,Found,1924.0,37.0,-109.05,"(37.0, -109.05)"
Franceville,18800.0,Found,1890.0,38.81667,-104.61667,"(38.81667, -104.61667)"
Frankfort (iron),10900.0,Found,1866.0,38.2,-84.83333,"(38.2, -84.83333)"
Franklin,9062.0,Found,1921.0,36.71667,-86.56667,"(36.71667, -86.56667)"
Franklinville,108.0,Found,1888.0,38.5,-100.0,"(38.5, -100.0)"
Freda,268.0,Found,1919.0,46.38333,-101.23333,"(46.38333, -101.23333)"
Fremont Butte,6647.0,Found,1963.0,38.5,-105.5,"(38.5, -105.5)"
Gahanna,1201.0,Found,1950.0,40.01667,-82.86667,"(40.01667, -82.86667)"
Gail,4650.0,Found,1948.0,32.7,-101.6,"(32.7, -101.6)"
Garden Head,1296.0,Found,1944.0,49.81667,-108.46,"(49.81667, -108.46)"
Garnett,4788.0,Found,1938.0,38.26667,-95.25,"(38.26667, -95.25)"
Giroux,4275.0,Found,1954.0,49.61667,-96.55,"(49.61667, -96.55)"
Gladstone (stone),57300.0,Found,1936.0,36.3,-104.0,"(36.3, -104.0)"
Glasgow,20400.0,Found,1922.0,37.01667,-85.91667,"(37.01667, -85.91667)"
Glen Rose (iron),11000.0,Found,1934.0,32.25,-97.71667,"(32.25, -97.71667)"
Glorieta Mountain,148000.0,Found,1884.0,35.6,-105.8,"(35.6, -105.8)"
Goodland,3628.0,Found,1923.0,39.35,-101.66667,"(39.35, -101.66667)"
Goose Lake,1169500.0,Found,1938.0,41.98,-120.54167,"(41.98, -120.54167)"
Grady (1933),4230.0,Found,1933.0,34.8,-103.31667,"(34.8, -103.31667)"
Grady (1937),9300.0,Found,1937.0,34.8,-103.31667,"(34.8, -103.31667)"
Grand Rapids,51700.0,Found,1883.0,42.96667,-85.76667,"(42.96667, -85.76667)"
Grant,525000.0,Found,1929.0,35.16667,-107.88333,"(35.16667, -107.88333)"
Grant County,2300.0,Found,1936.0,37.46667,-101.43333,"(37.46667, -101.43333)"
Greenbrier County,5000.0,Found,1880.0,37.83333,-80.31667,"(37.83333, -80.31667)"
Gretna,82000.0,Found,1912.0,39.93333,-99.21667,"(39.93333, -99.21667)"
Gruver,13100.0,Found,1934.0,36.33333,-101.4,"(36.33333, -101.4)"
Guadaloupe County,20.5,Found,1950.0,29.5,-98.0,"(29.5, -98.0)"
Guffey,309000.0,Found,1907.0,38.76667,-105.51667,"(38.76667, -105.51667)"
Guilford County,1100.0,Found,1822.0,35.56667,-79.83333,"(35.56667, -79.83333)"
Gun Creek,22700.0,Found,1909.0,34.0,-111.0,"(34.0, -111.0)"
Hale Center (no. 1),610.0,Found,1936.0,34.05,-101.75,"(34.05, -101.75)"
Hale Center (no. 2),695.0,Found,1936.0,34.05,-101.75,"(34.05, -101.75)"
Hammond,24000.0,Found,1884.0,44.91667,-92.43333,"(44.91667, -92.43333)"
Harding County,3075.0,Found,1941.0,45.5,-103.5,"(45.5, -103.5)"
Hardwick,7800.0,Found,1937.0,43.8,-96.16667,"(43.8, -96.16667)"
Harriman (Of),30000.0,Found,1947.0,35.95,-84.56667,"(35.95, -84.56667)"
Harriman (Om),13000.0,Found,1938.0,35.95,-84.56667,"(35.95, -84.56667)"
Harrison Township,3263.0,Found,1945.0,38.33333,-101.71167,"(38.33333, -101.71167)"
Harrisonville,46500.0,Found,1933.0,38.65,-94.33333,"(38.65, -94.33333)"
Haskell,36000.0,Found,1909.0,33.21333,-99.73167,"(33.21333, -99.73167)"
Hasparos,12880.0,Found,1935.0,34.0,-105.5,"(34.0, -105.5)"
Hassayampa,16000.0,Found,1963.0,33.75,-112.66667,"(33.75, -112.66667)"
Hat Creek,8900.0,Found,1939.0,42.91667,-104.41667,"(42.91667, -104.41667)"
Hatfield,21.0,Found,1941.0,34.48333,-94.45,"(34.48333, -94.45)"
Haven,6100.0,Found,1950.0,37.96417,-97.75583,"(37.96417, -97.75583)"
Haviland (a),1035.0,Found,1937.0,37.61667,-99.1,"(37.61667, -99.1)"
Hawk Springs,367.0,Found,1935.0,41.78333,-104.28333,"(41.78333, -104.28333)"
Hayden Creek,270.0,Found,1895.0,45.0,-114.0,"(45.0, -114.0)"
Hayes Center,4500.0,Found,1941.0,40.51667,-101.03333,"(40.51667, -101.03333)"
Hendersonville,6000.0,Found,1901.0,35.31667,-81.46667,"(35.31667, -81.46667)"
Hesston,12900.0,Found,1951.0,38.11667,-97.43333,"(38.11667, -97.43333)"
Hildreth,3060.0,Found,1894.0,40.33333,-99.03333,"(40.33333, -99.03333)"
Hill City,11700.0,Found,1947.0,39.36667,-99.85,"(39.36667, -99.85)"
Hobbs,2300.0,Found,1933.0,32.73333,-103.1,"(32.73333, -103.1)"
Hobbs (b),1600.0,Found,1933.0,32.73333,-103.1,"(32.73333, -103.1)"
Holland's Store,12200.0,Found,1887.0,34.36667,-85.43333,"(34.36667, -85.43333)"
Holliday,12.0,Found,1950.0,33.75,-98.83333,"(33.75, -98.83333)"
Holly,299.0,Found,1937.0,38.06667,-102.1,"(38.06667, -102.1)"
Holyoke,11200.0,Found,1933.0,40.56667,-102.3,"(40.56667, -102.3)"
Hope,6800.0,Found,1955.0,33.68333,-93.6,"(33.68333, -93.6)"
Hopper,1800.0,Found,1889.0,36.55,-79.78333,"(36.55, -79.78333)"
Horace,19700.0,Found,1940.0,38.35,-101.78333,"(38.35, -101.78333)"
Horse Creek,570.0,Found,1937.0,37.58333,-102.76667,"(37.58333, -102.76667)"
Howe,8630.0,Found,1938.0,33.5,-96.6,"(33.5, -96.6)"
Hugo (stone),80.0,Found,1936.0,39.13333,-103.48333,"(39.13333, -103.48333)"
Hugoton,350000.0,Found,1927.0,37.2,-101.35,"(37.2, -101.35)"
Huizopa,140000.0,Found,1907.0,28.9,-108.56667,"(28.9, -108.56667)"
Hunter,74600.0,Found,1962.0,36.56,-97.66667,"(36.56, -97.66667)"
Huntsman,14500.0,Found,1910.0,41.18333,-103.0,"(41.18333, -103.0)"
Ider,140000.0,Found,1957.0,34.68333,-85.65,"(34.68333, -85.65)"
Illinois Gulch,2500.0,Found,1899.0,46.68333,-112.55,"(46.68333, -112.55)"
Imperial,4.0,Found,1908.0,32.86667,-115.58333,"(32.86667, -115.58333)"
Indian Valley,14100.0,Found,1887.0,36.93333,-80.5,"(36.93333, -80.5)"
Indianola,4000.0,Found,1939.0,40.23333,-100.41667,"(40.23333, -100.41667)"
Ingalls,226.0,Found,1937.0,37.83333,-100.45,"(37.83333, -100.45)"
Ioka,31500.0,Found,1931.0,40.25,-110.08333,"(40.25, -110.08333)"
Iredell,1500.0,Found,1898.0,31.96667,-97.86667,"(31.96667, -97.86667)"
Iron Creek,175000.0,Found,1869.0,53.0,-112.0,"(53.0, -112.0)"
Iron River,1420.0,Found,1889.0,46.07944,-88.55972,"(46.07944, -88.55972)"
Ivanpah,58000.0,Found,1880.0,35.33333,-115.31667,"(35.33333, -115.31667)"
Jackson County,450.0,Found,1846.0,36.41667,-85.5,"(36.41667, -85.5)"
Jamestown,4000.0,Found,1885.0,46.61667,-98.5,"(46.61667, -98.5)"
Jenkins,55400.0,Found,1946.0,36.82444,-93.76111,"(36.82444, -93.76111)"
Jenny's Creek,12000.0,Found,1883.0,37.9,-82.38333,"(37.9, -82.38333)"
Jerome (Idaho),6800.0,Found,1954.0,42.63333,-114.83333,"(42.63333, -114.83333)"
Jerome (Kansas),29600.0,Found,1894.0,38.76667,-100.73333,"(38.76667, -100.73333)"
Joe Wright Mountain,42600.0,Found,1884.0,35.76667,-91.5,"(35.76667, -91.5)"
Johnson City,10400.0,Found,1937.0,37.55,-101.68333,"(37.55, -101.68333)"
Jonah,1304.0,Found,1963.0,30.625,-97.53333,"(30.625, -97.53333)"
Jonesboro,30.0,Found,1891.0,36.3,-82.46667,"(36.3, -82.46667)"
Junction,241.0,Found,1932.0,30.5,-99.83333,"(30.5, -99.83333)"
Kennard,8200.0,Found,1961.0,41.48333,-96.16667,"(41.48333, -96.16667)"
Kalkaska,9399.0,Found,1947.0,44.64694,-85.13667,"(44.64694, -85.13667)"
Kansas City (1903),36000.0,Found,1903.0,39.1,-94.63333,"(39.1, -94.63333)"
Karval,1104.0,Found,1936.0,38.71667,-103.51667,"(38.71667, -103.51667)"
Kaufman,23000.0,Found,1893.0,32.58333,-96.41667,"(32.58333, -96.41667)"
Kearney,10000.0,Found,1934.0,40.68333,-99.06667,"(40.68333, -99.06667)"
Keen Mountain,6690.0,Found,1950.0,37.21667,-82.0,"(37.21667, -82.0)"
Kelly,44300.0,Found,1937.0,40.46667,-103.03333,"(40.46667, -103.03333)"
Kendall County,21000.0,Found,1887.0,29.4,-98.5,"(29.4, -98.5)"
Kenton County,194000.0,Found,1889.0,38.81667,-84.6,"(38.81667, -84.6)"
Keyes,142000.0,Found,1939.0,36.71667,-102.5,"(36.71667, -102.5)"
Kimble County,153800.0,Found,1918.0,30.41667,-99.4,"(30.41667, -99.4)"
Kingfisher,8180.0,Found,1950.0,35.83333,-97.93333,"(35.83333, -97.93333)"
Kingston,12900.0,Found,1891.0,32.9,-107.73333,"(32.9, -107.73333)"
Kinsella,3720.0,Found,1946.0,53.2,-111.43333,"(53.2, -111.43333)"
Klamath Falls,17000.0,Found,1952.0,42.16667,-121.85,"(42.16667, -121.85)"
Knowles,161000.0,Found,1903.0,36.9,-100.21667,"(36.9, -100.21667)"
Kofa,490.0,Found,1893.0,33.5,-114.0,"(33.5, -114.0)"
Kokomo,1800.0,Found,1862.0,40.48333,-86.36667,"(40.48333, -86.36667)"
Kress (a),12500.0,Found,1951.0,34.35833,-101.73,"(34.35833, -101.73)"
La Grange,50800.0,Found,1860.0,38.4,-85.36667,"(38.4, -85.36667)"
La Lande,30000.0,Found,1933.0,34.45,-104.13333,"(34.45, -104.13333)"
La Porte,14540.0,Found,1900.0,41.6,-86.71667,"(41.6, -86.71667)"
La Villa,19800.0,Found,1956.0,26.27167,-97.90167,"(26.27167, -97.90167)"
Ladder Creek,35100.0,Found,1937.0,38.61667,-101.63333,"(38.61667, -101.63333)"
Lafayette (stone),800.0,Found,1931.0,40.41667,-86.88333,"(40.41667, -86.88333)"
Lahoma,21800.0,Found,1963.0,36.38333,-98.08333,"(36.38333, -98.08333)"
Lake Murray,270000.0,Found,1933.0,34.1,-97.0,"(34.1, -97.0)"
Laketon,3600.0,Found,1937.0,35.56667,-100.66667,"(35.56667, -100.66667)"
Lakewood,46500.0,Found,1955.0,32.62972,-104.35,"(32.62972, -104.35)"
Lamont,38690.0,Found,1940.0,38.07778,-96.02639,"(38.07778, -96.02639)"
Lancaster County,13000.0,Found,1903.0,40.66667,-96.75,"(40.66667, -96.75)"
Landes,69800.0,Found,1930.0,38.9,-79.18333,"(38.9, -79.18333)"
Lanton,13780.0,Found,1932.0,36.53333,-91.8,"(36.53333, -91.8)"
Lasher Creek,639.5,Found,1948.0,42.83333,-74.5,"(42.83333, -74.5)"
Laurens County,2150.0,Found,1857.0,34.5,-82.03333,"(34.5, -82.03333)"
Lawrence,515.0,Found,1928.0,38.96667,-95.16667,"(38.96667, -95.16667)"
Leander,760.0,Found,1940.0,30.6,-97.9,"(30.6, -97.9)"
Leon,30000.0,Found,1943.0,37.66667,-96.76667,"(37.66667, -96.76667)"
Leoville,8100.0,Found,1961.0,39.63333,-100.46722,"(39.63333, -100.46722)"
Lexington County,4760.0,Found,1880.0,34.0,-81.25,"(34.0, -81.25)"
Lick Creek,1240.0,Found,1879.0,35.66667,-80.25,"(35.66667, -80.25)"
Lime Creek,20000.0,Found,1834.0,31.55,-87.51667,"(31.55, -87.51667)"
Lincoln County,4500.0,Found,1937.0,39.36667,-103.16667,"(39.36667, -103.16667)"
Linville,442.0,Found,1882.0,35.86667,-81.91667,"(35.86667, -81.91667)"
Linwood,46000.0,Found,1940.0,41.43333,-96.96667,"(41.43333, -96.96667)"
Little Spring Creek,2950.0,Found,1937.0,37.68333,-105.7,"(37.68333, -105.7)"
Livingston (Montana),1600.0,Found,1936.0,45.6,-110.58333,"(45.6, -110.58333)"
Livingston (Tennessee),235.0,Found,1937.0,36.41667,-85.25,"(36.41667, -85.25)"
Lockney,824.0,Found,1944.0,34.15,-101.3,"(34.15, -101.3)"
Locust Grove,10000.0,Found,1857.0,33.33333,-84.1,"(33.33333, -84.1)"
Logan,1315.0,Found,1918.0,36.58333,-100.2,"(36.58333, -100.2)"
Lombard,7000.0,Found,1953.0,46.1,-111.4,"(46.1, -111.4)"
Lonaconing,1400.0,Found,1888.0,39.41667,-79.15,"(39.41667, -79.15)"
Long Island,564000.0,Found,1891.0,39.93333,-99.6,"(39.93333, -99.6)"
Loomis,3020.0,Found,1933.0,40.46667,-99.5,"(40.46667, -99.5)"
Loop,5600.0,Found,1962.0,32.9,-102.28333,"(32.9, -102.28333)"
Lorenzo,611.9,Found,1941.0,41.03333,-102.88333,"(41.03333, -102.88333)"
Loreto,94800.0,Found,1896.0,26.01667,-111.36667,"(26.01667, -111.36667)"
Los Reyes,19500.0,Found,1897.0,19.26667,-97.28333,"(19.26667, -97.28333)"
Lost Creek,4018.0,Found,1916.0,39.12417,-98.16778,"(39.12417, -98.16778)"
Lost Lake,11.0,Found,1931.0,37.65,-105.73333,"(37.65, -105.73333)"
Losttown,3000.0,Found,1868.0,34.25,-84.5,"(34.25, -84.5)"
Lubbock,1457.8,Found,1938.0,33.6,-101.73333,"(33.6, -101.73333)"
Lucerne Valley 001,15.8,Found,1963.0,34.5,-116.95,"(34.5, -116.95)"
Lucerne Valley 002,5.8,Found,1963.0,34.5,-116.95,"(34.5, -116.95)"
Lucerne Valley 003,7.5,Found,1963.0,34.5,-116.95,"(34.5, -116.95)"
Lucerne Valley 004,37.4,Found,1963.0,34.5,-116.95,"(34.5, -116.95)"
Lucerne Valley 005,3.1,Found,1963.0,34.5,-116.95,"(34.5, -116.95)"
Lucerne Valley 006,26.9,Found,1963.0,34.5,-116.95,"(34.5, -116.95)"
Lucerne Valley 007,4.8,Found,1963.0,34.5,-116.95,"(34.5, -116.95)"
Lucky Hill,20500.0,Found,1885.0,17.9,-77.63333,"(17.9, -77.63333)"
Luis Lopez,7000.0,Found,1896.0,34.0,-106.96667,"(34.0, -106.96667)"
Lushton,6700.0,Found,1914.0,40.74972,-97.74972,"(40.74972, -97.74972)"
Lusk,46.0,Found,1940.0,42.76667,-104.35,"(42.76667, -104.35)"
Madoc,168000.0,Found,1854.0,44.5,-77.46667,"(44.5, -77.46667)"
Manitouwabing,39000.0,Found,1962.0,45.44,-79.87556,"(45.44, -79.87556)"
Mapleton,49000.0,Found,1939.0,42.18333,-95.71667,"(42.18333, -95.71667)"
Marion (Kansas),2890.0,Found,1955.0,38.36667,-97.03333,"(38.36667, -97.03333)"
Marlow,68000.0,Found,1936.0,34.6,-97.91667,"(34.6, -97.91667)"
Marshall County,6800.0,Found,1860.0,37.0,-88.25,"(37.0, -88.25)"
Marsland,6850.0,Found,1933.0,42.45,-103.3,"(42.45, -103.3)"
Mart,7140.0,Found,1898.0,31.5,-96.88333,"(31.5, -96.88333)"
Mayday,6900.0,Found,1955.0,39.47444,-96.925,"(39.47444, -96.925)"
Mayodan,15400.0,Found,1920.0,36.38333,-79.86667,"(36.38333, -79.86667)"
McAddo,1100.0,Found,1935.0,33.75,-100.93333,"(33.75, -100.93333)"
McKinney,150000.0,Found,1870.0,33.18333,-96.71667,"(33.18333, -96.71667)"
McLean,4300.0,Found,1939.0,35.23333,-100.6,"(35.23333, -100.6)"
Melrose (a),36400.0,Found,1933.0,34.38333,-103.61667,"(34.38333, -103.61667)"
Melvern Lake,7746.0,Found,1950.0,38.525,-95.78056,"(38.525, -95.78056)"
Mereta,1417.5,Found,1941.0,31.42611,-100.13333,"(31.42611, -100.13333)"
Mertzon,3720.0,Found,1943.0,31.26667,-100.83333,"(31.26667, -100.83333)"
Mesa Verde Park,3500.0,Found,1922.0,37.16667,-108.5,"(37.16667, -108.5)"
Miami,57700.0,Found,1930.0,35.66667,-100.6,"(35.66667, -100.6)"
Midland,34.0,Found,1960.0,44.75,-79.88333,"(44.75, -79.88333)"
Miller (Kansas),970.0,Found,1950.0,38.625,-96.02278,"(38.625, -96.02278)"
Mincy,89400.0,Found,1857.0,36.55,-93.1,"(36.55, -93.1)"
Mission,12000.0,Found,1949.0,43.31667,-100.76667,"(43.31667, -100.76667)"
Misteca,10000.0,Found,1804.0,16.8,-97.1,"(16.8, -97.1)"
Moctezuma,1700.0,Found,1889.0,29.8,-109.66667,"(29.8, -109.66667)"
Modoc (1948),1800.0,Found,1948.0,38.5,-101.1,"(38.5, -101.1)"
Monahans (1938),27900.0,Found,1938.0,31.48333,-102.88333,"(31.48333, -102.88333)"
Morland,295000.0,Found,1890.0,39.33333,-100.06667,"(39.33333, -100.06667)"
Morrill,1387.0,Found,1920.0,42.18333,-103.93333,"(42.18333, -103.93333)"
Morristown,16300.0,Found,1887.0,36.2,-83.38333,"(36.2, -83.38333)"
Mosca,6220.0,Found,1942.0,37.63333,-105.83333,"(37.63333, -105.83333)"
Mosquero,1800.0,Found,1963.0,35.75,-103.93333,"(35.75, -103.93333)"
Mount Joy,384000.0,Found,1887.0,39.78333,-77.21667,"(39.78333, -77.21667)"
Mount Morris (New York),12.5,Found,1897.0,42.7,-77.88333,"(42.7, -77.88333)"
Mount Morris (Wisconsin),676.0,Found,1937.0,44.0,-89.25,"(44.0, -89.25)"
Mount Ouray,900.0,Found,1898.0,38.41667,-106.21667,"(38.41667, -106.21667)"
Mount Vernon,159000.0,Found,1868.0,36.93333,-87.4,"(36.93333, -87.4)"
Mulberry Draw,9716.0,Found,1963.0,35.63333,-100.13333,"(35.63333, -100.13333)"
Murfreesboro,8600.0,Found,1847.0,35.83333,-86.41667,"(35.83333, -86.41667)"
Muroc,18.4,Found,1936.0,34.91667,-117.83333,"(34.91667, -117.83333)"
Muroc Dry Lake,223.0,Found,1936.0,34.91667,-117.83333,"(34.91667, -117.83333)"
Murphy,7700.0,Found,1899.0,35.1,-84.03333,"(35.1, -84.03333)"
Naruna (a),672.3,Found,1935.0,30.95,-98.26667,"(30.95, -98.26667)"
Naruna (b),513.3,Found,1942.0,30.95,-98.28333,"(30.95, -98.28333)"
Nashville (iron),18000.0,Found,1934.0,35.96667,-77.96667,"(35.96667, -77.96667)"
Nashville (stone),25000.0,Found,1939.0,37.45,-98.41667,"(37.45, -98.41667)"
Navajo,2184000.0,Found,1921.0,35.33333,-109.5,"(35.33333, -109.5)"
Nazareth (a),44.0,Found,1938.0,34.5,-102.25,"(34.5, -102.25)"
Needles,45300.0,Found,1962.0,34.44417,-114.8325,"(34.44417, -114.8325)"
Neenach,13800.0,Found,1948.0,34.8,-118.5,"(34.8, -118.5)"
Nelson County,73030.0,Found,1856.0,37.75,-85.5,"(37.75, -85.5)"
Ness County (1894),82000.0,Found,1894.0,38.5,-99.6,"(38.5, -99.6)"
Ness County (1938),652.0,Found,1938.0,38.48333,-99.91667,"(38.48333, -99.91667)"
New Almelo,8000.0,Found,1917.0,39.66667,-100.0,"(39.66667, -100.0)"
New Baltimore,20000.0,Found,1922.0,40.0,-78.85,"(40.0, -78.85)"
New Leipzig,20000.0,Found,1936.0,46.36667,-101.95,"(46.36667, -101.95)"
New Mexico,130.0,Found,1935.0,34.5,-107.0,"(34.5, -107.0)"
New Westville,4800.0,Found,1941.0,39.8,-84.81667,"(39.8, -84.81667)"
Newport,5600.0,Found,1923.0,35.6,-91.26667,"(35.6, -91.26667)"
Newsom,892.0,Found,1939.0,37.6,-105.83333,"(37.6, -105.83333)"
Niagara,115.0,Found,1879.0,48.0,-97.93333,"(48.0, -97.93333)"
Norcateur,3200.0,Found,1940.0,39.81667,-100.2,"(39.81667, -100.2)"
Nordheim,15150.0,Found,1932.0,28.86667,-97.61667,"(28.86667, -97.61667)"
Norfolk,23000.0,Found,1907.0,36.9,-76.3,"(36.9, -76.3)"
Northampton,353.0,Found,1963.0,42.31667,-72.63333,"(42.31667, -72.63333)"
Nuevo Laredo,500.0,Found,1950.0,27.5,-99.5,"(27.5, -99.5)"
Oakley (iron),111000.0,Found,1926.0,42.33333,-113.7,"(42.33333, -113.7)"
Oakley (stone),27700.0,Found,1895.0,38.95,-101.01667,"(38.95, -101.01667)"
Oberlin,2500.0,Found,1911.0,39.8,-100.51667,"(39.8, -100.51667)"
Odessa (iron),1600000.0,Found,1922.0,31.71667,-102.4,"(31.71667, -102.4)"
Ogallala,3300.0,Found,1918.0,41.16667,-101.66667,"(41.16667, -101.66667)"
Okechobee,1000.0,Found,1916.0,26.68333,-80.8,"(26.68333, -80.8)"
Oktibbeha County,156.0,Found,1854.0,33.5,-89.0,"(33.5, -89.0)"
Olton,953.0,Found,1948.0,34.16722,-102.13361,"(34.16722, -102.13361)"
Oroville,24500.0,Found,1893.0,39.68333,-121.63333,"(39.68333, -121.63333)"
Oscuro Mountains,3600.0,Found,1895.0,33.63333,-106.38333,"(33.63333, -106.38333)"
Oshkosh,144.8,Found,1961.0,44.07694,-88.56278,"(44.07694, -88.56278)"
Osseo,46300.0,Found,1931.0,47.63333,-80.08333,"(47.63333, -80.08333)"
Otis,2600.0,Found,1940.0,38.53333,-99.05,"(38.53333, -99.05)"
Ovid,6169.0,Found,1939.0,40.96667,-102.4,"(40.96667, -102.4)"
Ovid (b),860.0,Found,1943.0,40.75833,-102.375,"(40.75833, -102.375)"
Owens Valley,192800.0,Found,1913.0,37.46667,-118.0,"(37.46667, -118.0)"
Ozona,127500.0,Found,1929.0,30.73333,-101.3,"(30.73333, -101.3)"
Palmersville,9979.0,Found,1908.0,36.4665,-88.60283,"(36.4665, -88.60283)"
Palo Blanco Creek,1482.0,Found,1954.0,36.5,-104.5,"(36.5, -104.5)"
Paloduro,3000.0,Found,1935.0,34.9,-101.21667,"(34.9, -101.21667)"
Parma Canyon,2150.0,Found,1940.0,43.8,-117.0,"(43.8, -117.0)"
Paulding County,725.0,Found,1901.0,34.0,-84.8,"(34.0, -84.8)"
Peck's Spring,1600.0,Found,1926.0,32.0,-102.0,"(32.0, -102.0)"
Peetz,11500.0,Found,1937.0,40.95,-103.08333,"(40.95, -103.08333)"
Penokee,3580.0,Found,1947.0,39.35,-99.91667,"(39.35, -99.91667)"
Perryville,17500.0,Found,1906.0,37.73333,-89.85,"(37.73333, -89.85)"
Persimmon Creek,5000.0,Found,1893.0,35.05,-84.23333,"(35.05, -84.23333)"
Phillips County (pallasite),1360.0,Found,1935.0,40.45,-102.38333,"(40.45, -102.38333)"
Picacho,22000.0,Found,1952.0,33.2,-105.0,"(33.2, -105.0)"
Pickens County,400.0,Found,1908.0,34.5,-84.5,"(34.5, -84.5)"
Pierceville (iron),100000.0,Found,1917.0,37.86667,-100.66667,"(37.86667, -100.66667)"
Pierceville (stone),2125.0,Found,1939.0,37.86667,-100.66667,"(37.86667, -100.66667)"
Pima County,210.0,Found,1947.0,32.2,-111.0,"(32.2, -111.0)"
Pine Bluffs,2700.0,Found,1935.0,41.18333,-104.06667,"(41.18333, -104.06667)"
Pine River,3600.0,Found,1931.0,44.21667,-89.1,"(44.21667, -89.1)"
Piñon,17850.0,Found,1928.0,32.66667,-105.1,"(32.66667, -105.1)"
Pinto Mountains,17900.0,Found,1954.0,34.0,-115.78333,"(34.0, -115.78333)"
Pipe Creek,13600.0,Found,1887.0,29.68333,-98.91667,"(29.68333, -98.91667)"
Pittsburg,600.0,Found,1850.0,40.43333,-80.0,"(40.43333, -80.0)"
Plainview (1917),700000.0,Found,1917.0,34.11667,-101.78333,"(34.11667, -101.78333)"
Plainview (1950),2200.0,Found,1950.0,34.11667,-101.78333,"(34.11667, -101.78333)"
Plainview (c),631.0,Found,1963.0,34.125,-101.75667,"(34.125, -101.75667)"
Pleasanton,2300.0,Found,1935.0,38.18333,-94.71667,"(38.18333, -94.71667)"
Plymouth,14000.0,Found,1893.0,41.33333,-86.31667,"(41.33333, -86.31667)"
Point of Rocks (iron),18000.0,Found,1956.0,36.5,-104.5,"(36.5, -104.5)"
Point of Rocks (stone),800.0,Found,1954.0,36.5,-104.5,"(36.5, -104.5)"
Pony Creek,4642.0,Found,1947.0,31.66333,-99.95,"(31.66333, -99.95)"
Portis,30.0,Found,1959.0,39.56667,-98.68333,"(39.56667, -98.68333)"
Potter,261000.0,Found,1941.0,41.23333,-103.3,"(41.23333, -103.3)"
Prairie Dog Creek,2900.0,Found,1893.0,39.63333,-100.5,"(39.63333, -100.5)"
Providence,6804.0,Found,1903.0,38.56667,-85.23333,"(38.56667, -85.23333)"
Puente del Zacate,30790.0,Found,1904.0,27.86667,-101.5,"(27.86667, -101.5)"
Puente-Ladron,7.7,Found,1944.0,34.4,-106.85,"(34.4, -106.85)"
Putnam County,32700.0,Found,1839.0,33.25,-83.25,"(33.25, -83.25)"
Quartz Mountain,4832.0,Found,1935.0,37.2,-116.7,"(37.2, -116.7)"
Quinn Canyon,1450000.0,Found,1908.0,38.08333,-115.53333,"(38.08333, -115.53333)"
Rancho de la Pila (1882),46500.0,Found,1882.0,24.11667,-104.3,"(24.11667, -104.3)"
Ransom,15000.0,Found,1938.0,38.61667,-99.93333,"(38.61667, -99.93333)"
Reager,230.0,Found,1948.0,39.78333,-100.0,"(39.78333, -100.0)"
Red River,800000.0,Found,1808.0,32.0,-95.0,"(32.0, -95.0)"
Red Willow,2750.0,Found,1899.0,40.25,-100.5,"(40.25, -100.5)"
Reed City,20000.0,Found,1895.0,43.86667,-85.51667,"(43.86667, -85.51667)"
Republican River,135.0,Found,1942.0,40.08333,-98.91667,"(40.08333, -98.91667)"
Rhineland,6240.0,Found,1961.0,33.53333,-99.61667,"(33.53333, -99.61667)"
Richland,50600.0,Found,1951.0,31.9,-96.4,"(31.9, -96.4)"
Ridgecrest,9.69,Found,1958.0,35.58333,-117.56667,"(35.58333, -117.56667)"
Rifle,102700.0,Found,1948.0,38.51667,-107.83333,"(38.51667, -107.83333)"
Riverton,103.3,Found,1960.0,50.94,-96.99167,"(50.94, -96.99167)"
Rodeo,44000.0,Found,1852.0,25.33333,-104.66667,"(25.33333, -104.66667)"
Rolla (1936),440.0,Found,1936.0,37.11667,-101.6,"(37.11667, -101.6)"
Rolla (1939),207.5,Found,1939.0,37.11667,-101.6,"(37.11667, -101.6)"
Rolla (1941),435.0,Found,1941.0,37.08333,-101.6,"(37.08333, -101.6)"
Rolla (d),50.0,Found,1942.0,37.08333,-101.6,"(37.08333, -101.6)"
Romero,17200.0,Found,1938.0,35.76667,-102.95,"(35.76667, -102.95)"
Rosamond Dry Lake,850.0,Found,1940.0,34.83333,-118.06667,"(34.83333, -118.06667)"
Rosebud,54900.0,Found,1915.0,30.81667,-97.05,"(30.81667, -97.05)"
Round Top (a),9935.0,Found,1934.0,30.05806,-96.65139,"(30.05806, -96.65139)"
Round Top (b),7166.0,Found,1939.0,30.06667,-96.7,"(30.06667, -96.7)"
Roy (1933),47200.0,Found,1933.0,35.95,-104.2,"(35.95, -104.2)"
Roy (1934),5619.0,Found,1934.0,35.95,-104.2,"(35.95, -104.2)"
Ruff's Mountain,53070.0,Found,1844.0,34.3,-81.4,"(34.3, -81.4)"
Rush County,4300.0,Found,1948.0,39.5,-85.5,"(39.5, -85.5)"
Rush Creek,9300.0,Found,1938.0,38.61667,-102.71667,"(38.61667, -102.71667)"
Rushville,50.0,Found,1866.0,39.61667,-85.45,"(39.61667, -85.45)"
Russel Gulch,13200.0,Found,1863.0,39.8,-105.5,"(39.8, -105.5)"
Sacramento Mountains,237200.0,Found,1890.0,32.91667,-104.66667,"(32.91667, -104.66667)"
Salina,235.0,Found,1908.0,38.98333,-111.85,"(38.98333, -111.85)"
Saline,30800.0,Found,1901.0,39.4,-100.4,"(39.4, -100.4)"
Salt Lake City,875.0,Found,1869.0,40.91667,-111.66667,"(40.91667, -111.66667)"
Salt River,3600.0,Found,1850.0,37.95,-85.78333,"(37.95, -85.78333)"
Sam's Valley,6920.0,Found,1894.0,42.53333,-122.875,"(42.53333, -122.875)"
San Angelo,88000.0,Found,1897.0,31.41667,-100.35,"(31.41667, -100.35)"
San Emigdio,36000.0,Found,1887.0,36.0,-119.0,"(36.0, -119.0)"
San Francisco del Mezquital,7500.0,Found,1868.0,23.48333,-104.36667,"(23.48333, -104.36667)"
San Francisco Mountains,1700.0,Found,1920.0,35.0,-112.0,"(35.0, -112.0)"
San José,532.0,Found,1944.0,24.7,-99.08333,"(24.7, -99.08333)"
San Pedro Springs,72.0,Found,1887.0,29.5,-98.5,"(29.5, -98.5)"
Sand Draw,1200.0,Found,1947.0,40.81667,-102.25,"(40.81667, -102.25)"
Sanderson,6800.0,Found,1936.0,30.13333,-102.15,"(30.13333, -102.15)"
Sandia Mountains,45000.0,Found,1925.0,35.25,-106.5,"(35.25, -106.5)"
Sandtown,9350.0,Found,1938.0,35.93333,-91.63333,"(35.93333, -91.63333)"
Santa Apolonia,1316000.0,Found,1872.0,19.21667,-98.3,"(19.21667, -98.3)"
Santa Rosalia,1631.0,Found,1950.0,27.33333,-112.33333,"(27.33333, -112.33333)"
Santiago Papasquiero,119500.0,Found,1958.0,24.5,-106.0,"(24.5, -106.0)"
Sardis,800000.0,Found,1940.0,32.94889,-81.865,"(32.94889, -81.865)"
Savannah,60000.0,Found,1923.0,35.16667,-88.18333,"(35.16667, -88.18333)"
Scott City,2135.0,Found,1905.0,38.46667,-100.93333,"(38.46667, -100.93333)"
Scottsville,10000.0,Found,1867.0,36.76667,-86.16667,"(36.76667, -86.16667)"
Scurry,118000.0,Found,1937.0,32.5,-101.0,"(32.5, -101.0)"
Seagraves,13000.0,Found,1962.0,32.93333,-102.58333,"(32.93333, -102.58333)"
Seguin,750.0,Found,1956.0,39.36667,-100.63333,"(39.36667, -100.63333)"
Seibert (a),3500.0,Found,1941.0,39.3,-102.83333,"(39.3, -102.83333)"
Selden,1560.0,Found,1960.0,39.53333,-100.56667,"(39.53333, -100.56667)"
Seligman,2200.0,Found,1949.0,35.28333,-112.86667,"(35.28333, -112.86667)"
Selma,140600.0,Found,1906.0,32.4,-87.0,"(32.4, -87.0)"
Seminole,43900.0,Found,1961.0,32.68333,-102.61667,"(32.68333, -102.61667)"
Seneca,1900.0,Found,1936.0,39.83333,-96.06667,"(39.83333, -96.06667)"
Seneca Falls,4000.0,Found,1850.0,42.91667,-76.78333,"(42.91667, -76.78333)"
Seneca Township,11500.0,Found,1923.0,41.78333,-84.18333,"(41.78333, -84.18333)"
Seymour,25900.0,Found,1940.0,37.2375,-92.78694,"(37.2375, -92.78694)"
Shafter Lake,3027.0,Found,1933.0,32.4,-102.58333,"(32.4, -102.58333)"
Shallowater,4650.0,Found,1936.0,33.7,-101.93333,"(33.7, -101.93333)"
Shaw,17500.0,Found,1937.0,39.53333,-103.33333,"(39.53333, -103.33333)"
Shields,9780.0,Found,1962.0,38.7,-100.35,"(38.7, -100.35)"
Shingle Springs,39000.0,Found,1869.0,38.66667,-120.93333,"(38.66667, -120.93333)"
Shrewsbury,12000.0,Found,1907.0,39.76667,-76.66667,"(39.76667, -76.66667)"
Sidney,6000.0,Found,1941.0,41.05,-102.9,"(41.05, -102.9)"
Sierra Blanca,405.0,Found,1784.0,27.15,-104.9,"(27.15, -104.9)"
Sierra County,1000.0,Found,1962.0,33.0,-107.5,"(33.0, -107.5)"
Signal Mountain,63500.0,Found,1919.0,32.5,-115.5,"(32.5, -115.5)"
Silver Bell,5100.0,Found,1939.0,32.48333,-111.56667,"(32.48333, -111.56667)"
Silver Crown,11600.0,Found,1887.0,41.23333,-104.98333,"(41.23333, -104.98333)"
Silverton (Texas),2576.0,Found,1938.0,34.53333,-101.18333,"(34.53333, -101.18333)"
Slaton,1070.0,Found,1941.0,33.43333,-101.75,"(33.43333, -101.75)"
Slovak,8220.0,Found,1962.0,34.65,-91.58333,"(34.65, -91.58333)"
Smith Center,1585.0,Found,1937.0,39.83333,-99.01667,"(39.83333, -99.01667)"
Smithland,5000.0,Found,1839.0,37.13333,-88.4,"(37.13333, -88.4)"
Smithonia,69900.0,Found,1940.0,34.0,-83.16667,"(34.0, -83.16667)"
Smith's Mountain,5000.0,Found,1863.0,36.41667,-80.0,"(36.41667, -80.0)"
Smithville,70500.0,Found,1840.0,35.98333,-85.85,"(35.98333, -85.85)"
Social Circle,99300.0,Found,1927.0,33.7,-83.7,"(33.7, -83.7)"
Sombrerete,10000.0,Found,1958.0,23.63333,-103.66667,"(23.63333, -103.66667)"
Somervell County,11800.0,Found,1919.0,32.18333,-97.8,"(32.18333, -97.8)"
Soper,3700.0,Found,1938.0,34.03333,-95.58333,"(34.03333, -95.58333)"
South Bend,2500.0,Found,1893.0,41.65,-86.21667,"(41.65, -86.21667)"
South Byron,6000.0,Found,1915.0,43.03333,-78.03333,"(43.03333, -78.03333)"
Spearman,10400.0,Found,1934.0,36.25,-101.21667,"(36.25, -101.21667)"
Springfield,3200.0,Found,1937.0,37.38333,-102.63333,"(37.38333, -102.63333)"
Springfield (b),229.3,Found,1937.0,37.48333,-102.67667,"(37.48333, -102.67667)"
Springwater,67600.0,Found,1931.0,52.0,-108.3,"(52.0, -108.3)"
St. Ann,373.5,Found,1938.0,40.45,-100.75,"(40.45, -100.75)"
St. Francois County,3600.0,Found,1863.0,37.75,-90.5,"(37.75, -90.5)"
St. Genevieve County,244500.0,Found,1888.0,37.96667,-90.31667,"(37.96667, -90.31667)"
St. Peter,6800.0,Found,1957.0,39.4,-100.03333,"(39.4, -100.03333)"
Staunton,43500.0,Found,1869.0,38.21667,-79.05,"(38.21667, -79.05)"
Sterley,1724.8,Found,1950.0,34.21,-101.39,"(34.21, -101.39)"
Sterling,679.5,Found,1900.0,40.6,-103.18333,"(40.6, -103.18333)"
Stoneham,5000.0,Found,1960.0,40.63783,-103.69717,"(40.63783, -103.69717)"
Stonington,2700.0,Found,1942.0,37.28333,-102.2,"(37.28333, -102.2)"
Sublette,1300.0,Found,1952.0,37.5,-100.83333,"(37.5, -100.83333)"
Summit,1000.0,Found,1890.0,34.2,-86.48333,"(34.2, -86.48333)"
Surprise Springs,1500.0,Found,1899.0,34.16667,-115.91667,"(34.16667, -115.91667)"
Sweetwater,1760.0,Found,1961.0,32.55,-100.41667,"(32.55, -100.41667)"
Tacoma,16.7,Found,1925.0,47.25,-122.41667,"(47.25, -122.41667)"
Tafoya (a),270.0,Found,1951.0,36.45,-104.1,"(36.45, -104.1)"
Tafoya (b),490.0,Found,1951.0,36.45,-104.1,"(36.45, -104.1)"
Taiban,25000.0,Found,1934.0,34.45,-104.01667,"(34.45, -104.01667)"
Talpa,13000.0,Found,1963.0,31.86667,-99.58333,"(31.86667, -99.58333)"
Tatum,1787.0,Found,1938.0,33.23333,-103.44167,"(33.23333, -103.44167)"
Tazewell,27000.0,Found,1853.0,36.43333,-83.75,"(36.43333, -83.75)"
Tell,16600.0,Found,1930.0,34.38333,-100.4,"(34.38333, -100.4)"
Temple,5000.0,Found,1959.0,31.11667,-97.3,"(31.11667, -97.3)"
Teocaltiche,10000.0,Found,1903.0,21.43333,-102.56667,"(21.43333, -102.56667)"
Texline,26200.0,Found,1937.0,36.4,-103.01667,"(36.4, -103.01667)"
Thomson,218.0,Found,1888.0,33.46667,-82.48333,"(33.46667, -82.48333)"
Thoreau,500.0,Found,1954.0,35.28333,-108.26667,"(35.28333, -108.26667)"
Thurlow,5500.0,Found,1888.0,44.75,-77.58333,"(44.75, -77.58333)"
Tlacotepec,71000.0,Found,1903.0,18.65,-97.55,"(18.65, -97.55)"
Tobe,5386.0,Found,1963.0,37.2,-103.58333,"(37.2, -103.58333)"
Toluca,3000000.0,Found,1776.0,19.56667,-99.56667,"(19.56667, -99.56667)"
Tombigbee River,43000.0,Found,1859.0,32.23333,-88.2,"(32.23333, -88.2)"
Tomhannock Creek,1500.0,Found,1863.0,42.88333,-73.6,"(42.88333, -73.6)"
Tonganoxie,11800.0,Found,1886.0,39.08333,-95.11667,"(39.08333, -95.11667)"
Toulon,1214.5,Found,1962.0,41.11667,-89.80833,"(41.11667, -89.80833)"
Travis County (a),175400.0,Found,1889.0,30.3,-97.7,"(30.3, -97.7)"
Travis County (b),5900.0,Found,1889.0,30.55556,-97.95278,"(30.55556, -97.95278)"
Trenton,505000.0,Found,1858.0,43.36667,-88.13333,"(43.36667, -88.13333)"
Tryon,15900.0,Found,1934.0,41.55,-100.96667,"(41.55, -100.96667)"
Tucson,975000.0,Found,1850.0,31.85,-110.96667,"(31.85, -110.96667)"
Tulia (a),86000.0,Found,1917.0,34.61667,-101.95,"(34.61667, -101.95)"
Tulia (b),4800.0,Found,1917.0,34.53333,-101.7,"(34.53333, -101.7)"
Turtle River,22390.0,Found,1953.0,47.6,-94.76667,"(47.6, -94.76667)"
Twentynine Palms,19700.0,Found,1944.0,34.075,-116.01667,"(34.075, -116.01667)"
Twin City,5130.0,Found,1955.0,32.58333,-82.01667,"(32.58333, -82.01667)"
Two Buttes (a),19700.0,Found,1962.0,37.63333,-102.41667,"(37.63333, -102.41667)"
Ulysses,3900.0,Found,1927.0,37.6,-101.25,"(37.6, -101.25)"
Umbarger,13000.0,Found,1954.0,34.95,-102.1175,"(34.95, -102.1175)"
Union County,6800.0,Found,1853.0,34.75,-84.0,"(34.75, -84.0)"
Ute Creek,1000.0,Found,1936.0,36.2,-103.9,"(36.2, -103.9)"
Uvalde,8200.0,Found,1915.0,29.2,-99.76667,"(29.2, -99.76667)"
Uwharrie,72700.0,Found,1930.0,35.51667,-79.96667,"(35.51667, -79.96667)"
Valentine,2300.0,Found,1942.0,42.93333,-100.75,"(42.93333, -100.75)"
Valley Wells,129.9,Found,1929.0,35.46667,-115.66667,"(35.46667, -115.66667)"
Ventura,7700.0,Found,1953.0,34.25,-119.3,"(34.25, -119.3)"
Venus,1013.0,Found,1960.0,32.4,-97.08333,"(32.4, -97.08333)"
Vigo Park,35.0,Found,1934.0,34.68333,-101.38333,"(34.68333, -101.38333)"
Vulcan,19000.0,Found,1962.0,50.51667,-113.13333,"(50.51667, -113.13333)"
Waconda,50000.0,Found,1873.0,39.33333,-98.16667,"(39.33333, -98.16667)"
Wagon Mound,87500.0,Found,1932.0,35.84083,-104.58583,"(35.84083, -104.58583)"
Waka,11875.0,Found,1963.0,36.15,-101.05,"(36.15, -101.05)"
Waldo,1300.0,Found,1937.0,39.1,-98.83333,"(39.1, -98.83333)"
Waldron Ridge,13600.0,Found,1887.0,36.63333,-83.83333,"(36.63333, -83.83333)"
Walker County,74800.0,Found,1832.0,34.0,-87.16667,"(34.0, -87.16667)"
Wallapai,430000.0,Found,1927.0,35.8,-113.7,"(35.8, -113.7)"
Walltown,1600.0,Found,1956.0,37.325,-84.71667,"(37.325, -84.71667)"
Waltman,23410.0,Found,1948.0,43.0,-107.16667,"(43.0, -107.16667)"
Washington County,5750.0,Found,1927.0,39.7,-103.16667,"(39.7, -103.16667)"
Waterville,37125.0,Found,1917.0,47.767778,-119.876389,"(47.767778, -119.876389)"
Wathena,566.0,Found,1939.0,39.81667,-94.91667,"(39.81667, -94.91667)"
Watonga,5025.0,Found,1960.0,35.833333,-98.4,"(35.833333, -98.4)"
Weatherford,2000.0,Found,1926.0,35.5,-98.7,"(35.5, -98.7)"
Weaver Mountains,38800.0,Found,1898.0,34.25,-112.75,"(34.25, -112.75)"
Weldona,27700.0,Found,1934.0,40.35,-103.95,"(40.35, -103.95)"
Welland,8200.0,Found,1888.0,43.01667,-79.21667,"(43.01667, -79.21667)"
Wellington,13400.0,Found,1955.0,34.95,-100.25,"(34.95, -100.25)"
Wellman (a),55000.0,Found,1940.0,33.03333,-102.33333,"(33.03333, -102.33333)"
Western Arkansas,1750.0,Found,1890.0,35.0,-94.0,"(35.0, -94.0)"
Whitman,221.0,Found,1937.0,42.03333,-101.5,"(42.03333, -101.5)"
Wichita County,145000.0,Found,1836.0,34.06667,-98.91667,"(34.06667, -98.91667)"
Wickenburg (stone),9200.0,Found,1940.0,33.96667,-112.73333,"(33.96667, -112.73333)"
Wilburton,207.8,Found,1940.0,37.08333,-101.76667,"(37.08333, -101.76667)"
Wiley,3500.0,Found,1938.0,38.15,-102.66667,"(38.15, -102.66667)"
Willamette,15500000.0,Found,1902.0,45.36667,-122.58333,"(45.36667, -122.58333)"
Willard (b),12700.0,Found,1934.0,34.5,-105.83333,"(34.5, -105.83333)"
Williston,7645.0,Found,1962.0,47.98333,-103.65,"(47.98333, -103.65)"
Willow Creek,51000.0,Found,1914.0,43.46667,-106.76667,"(43.46667, -106.76667)"
Willowdale,3000.0,Found,1951.0,37.53333,-98.36667,"(37.53333, -98.36667)"
Wilmot,2000.0,Found,1944.0,37.38333,-96.86667,"(37.38333, -96.86667)"
Winona,24000.0,Found,1928.0,35.2,-111.4,"(35.2, -111.4)"
Withrow,8732.0,Found,1950.0,47.70667,-119.83,"(47.70667, -119.83)"
Woodbine,48200.0,Found,1953.0,42.34667,-90.1675,"(42.34667, -90.1675)"
Wood's Mountain,3867.0,Found,1918.0,35.68333,-82.18333,"(35.68333, -82.18333)"
Woodward County,45500.0,Found,1923.0,36.5,-99.5,"(36.5, -99.5)"
Wooster,22700.0,Found,1858.0,40.76667,-81.95,"(40.76667, -81.95)"
Wray (a),281.7,Found,1936.0,40.05,-102.2,"(40.05, -102.2)"
Wray (b),3884.0,Found,1938.0,40.33083,-102.19583,"(40.33083, -102.19583)"
Yanhuitlan,421000.0,Found,1825.0,17.53333,-97.35,"(17.53333, -97.35)"
York (iron),835.0,Found,1878.0,40.75,-97.5,"(40.75, -97.5)"
York (stone),1440.0,Found,1928.0,40.86667,-97.6,"(40.86667, -97.6)"
Yorktown (Texas),3500.0,Found,1957.0,28.95,-97.40278,"(28.95, -97.40278)"
Ysleta,140700.0,Found,1914.0,31.65,-106.18333,"(31.65, -106.18333)"
Zacatecas (1792),1000000.0,Found,1792.0,22.81667,-102.56667,"(22.81667, -102.56667)"
Zaffra,3000.0,Found,1919.0,35.0,-94.75,"(35.0, -94.75)"
Zenda,3700.0,Found,1955.0,42.51333,-88.48944,"(42.51333, -88.48944)"
